d_model,num_layers,bidirectional,model_name,task_name,win_size,step_size,batch_size,epochs,lr,model_saving_path,dataset_path,dataset_name,if_save,index,train_test_split,anomaly_ratio,train_split_max,metric_list,quantile,CCE,F1,Aff-F1,UAff-F1,AUC-ROC,VUS-PR
32,1,0,OCSVM,semisupervised,3,1,128,10,0.001,/home/zzj/projects/STAND/model_saving,/home/zzj/projects/FTSAD/datasets,PSM,0,0,0.5,0.1,0.5,"['CCE', 'F1', 'Aff-F1', 'UAff-F1', 'AUC-ROC', 'VUS-PR']",0.95,0.02840253965189561,0.1702985437736767,0.4341642323962439,0.30487519966124105,0.5263293486466479,0.3845999878471361
32,1,0,OCSVM,semisupervised,3,1,128,10,0.001,/home/zzj/projects/STAND/model_saving,/home/zzj/projects/FTSAD/datasets,SWAT,0,0,0.5,0.1,0.5,"['CCE', 'F1', 'Aff-F1', 'UAff-F1', 'AUC-ROC', 'VUS-PR']",0.95,0.10101973992101652,0.047667829402077366,0.3906346001765626,0.21132186124793326,0.7736331694667381,0.24781112204559308
32,1,0,OCSVM,semisupervised,3,1,128,10,0.001,/home/zzj/projects/STAND/model_saving,/home/zzj/projects/FTSAD/datasets,WADI,0,0,0.5,0.1,0.3,"['CCE', 'F1', 'Aff-F1', 'UAff-F1', 'AUC-ROC', 'VUS-PR']",0.95,0.13374050047229075,0.32120722177310695,0.7039854092886287,0.4781726417079463,0.8178205272163133,0.3200496354338455
32,1,0,OCSVM,semisupervised,3,1,128,10,0.001,/home/zzj/projects/STAND/model_saving,/home/zzj/projects/FTSAD/datasets,NIPS_TS_Swan,0,0,0.5,0.1,0.3,"['CCE', 'F1', 'Aff-F1', 'UAff-F1', 'AUC-ROC', 'VUS-PR']",0.95,0.1181939040130019,0.10425531914893617,0.1095520512932857,0.08700479159894775,0.7110381433070581,0.8526389051289439
32,1,0,OCSVM,semisupervised,3,1,128,10,0.001,/home/zzj/projects/STAND/model_saving,/home/zzj/projects/FTSAD/datasets,NIPS_TS_Water,0,0,0.5,0.1,0.3,"['CCE', 'F1', 'Aff-F1', 'UAff-F1', 'AUC-ROC', 'VUS-PR']",0.95,0.2056722055844361,0.17791557357500595,0.7092602290141743,0.2000596002665803,0.9230604268081459,0.22780311699560177
32,1,0,AutoEncoder,semisupervised,3,1,128,10,0.001,/home/zzj/projects/STAND/model_saving,/home/zzj/projects/FTSAD/datasets,PSM,0,0,0.5,0.1,0.3,"['CCE', 'F1', 'Aff-F1', 'UAff-F1', 'AUC-ROC', 'VUS-PR']",0.95,0.07780442591326654,0.051923678448545514,0.564997964805431,0.5106707795473369,0.5649901275079315,0.348986821177861
32,1,0,AutoEncoder,semisupervised,3,1,128,10,0.001,/home/zzj/projects/STAND/model_saving,/home/zzj/projects/FTSAD/datasets,SWAT,0,0,0.5,0.1,0.3,"['CCE', 'F1', 'Aff-F1', 'UAff-F1', 'AUC-ROC', 'VUS-PR']",0.95,0.15953390004638135,0.1884150057704527,0.7549391239458666,0.4076138460947833,0.8410874177302573,0.4560890183286124
32,1,0,AutoEncoder,semisupervised,3,1,128,10,0.001,/home/zzj/projects/STAND/model_saving,/home/zzj/projects/FTSAD/datasets,WADI,0,0,0.5,0.1,0.3,"['CCE', 'F1', 'Aff-F1', 'UAff-F1', 'AUC-ROC', 'VUS-PR']",0.95,0.1396805563833281,0.2721638372406359,0.7407407785053052,0.2908458413182058,0.6406815504382251,0.16674807239196268
32,1,0,AutoEncoder,semisupervised,3,1,128,10,0.001,/home/zzj/projects/STAND/model_saving,/home/zzj/projects/FTSAD/datasets,NIPS_TS_Swan,0,0,0.5,0.1,0.3,"['CCE', 'F1', 'Aff-F1', 'UAff-F1', 'AUC-ROC', 'VUS-PR']",0.95,0.05954516241228232,0.18909574468085105,0.21888424468824322,0.20801880415961904,0.6001423098473034,0.8857127126615699
32,1,0,AutoEncoder,semisupervised,3,1,128,10,0.001,/home/zzj/projects/STAND/model_saving,/home/zzj/projects/FTSAD/datasets,NIPS_TS_Water,0,0,0.5,0.1,0.3,"['CCE', 'F1', 'Aff-F1', 'UAff-F1', 'AUC-ROC', 'VUS-PR']",0.95,0.017600461599094952,0.05676126878130217,0.5443567339417807,0.22814603842157066,0.5071101409361187,0.023555673720056607
32,1,0,CNN,semisupervised,3,1,128,10,0.001,/home/zzj/projects/STAND/model_saving,/home/zzj/projects/FTSAD/datasets,PSM,0,0,0.5,0.1,0.3,"['CCE', 'F1', 'Aff-F1', 'UAff-F1', 'AUC-ROC', 'VUS-PR']",0.95,0.005672893607364726,0.25468320995377614,0.6622348900548677,0.5812889425947487,0.6053246295063762,0.5067277285699414
32,1,0,CNN,semisupervised,3,1,128,10,0.001,/home/zzj/projects/STAND/model_saving,/home/zzj/projects/FTSAD/datasets,SWAT,0,0,0.5,0.1,0.3,"['CCE', 'F1', 'Aff-F1', 'UAff-F1', 'AUC-ROC', 'VUS-PR']",0.95,0.2904412089637243,0.5834251851083418,0.05464760274970001,0.05464760274970007,0.8676623514107998,0.6083976662184032
32,1,0,CNN,semisupervised,3,1,128,10,0.001,/home/zzj/projects/STAND/model_saving,/home/zzj/projects/FTSAD/datasets,WADI,0,0,0.5,0.1,0.3,"['CCE', 'F1', 'Aff-F1', 'UAff-F1', 'AUC-ROC', 'VUS-PR']",0.95,0.017474545340108227,0.22150363783346808,0.7379985611077243,0.2479712759238654,0.6368008296439064,0.22579190450720893
32,1,0,CNN,semisupervised,3,1,128,10,0.001,/home/zzj/projects/STAND/model_saving,/home/zzj/projects/FTSAD/datasets,NIPS_TS_Swan,0,0,0.5,0.1,0.3,"['CCE', 'F1', 'Aff-F1', 'UAff-F1', 'AUC-ROC', 'VUS-PR']",0.95,0.0053524473769157865,0.25097517730496455,0.14556646882910448,0.144451961718763,0.7471515647661006,0.9381087761804837
32,1,0,CNN,semisupervised,3,1,128,10,0.001,/home/zzj/projects/STAND/model_saving,/home/zzj/projects/FTSAD/datasets,NIPS_TS_Water,0,0,0.5,0.1,0.3,"['CCE', 'F1', 'Aff-F1', 'UAff-F1', 'AUC-ROC', 'VUS-PR']",0.95,0.02615828874370249,0.0395897925113284,0.44780342606452966,0.0919326907836158,0.5403704312996638,0.02545253241437516
32,1,0,LSTMAD,semisupervised,3,1,128,10,0.001,/home/zzj/projects/STAND/model_saving,/home/zzj/projects/FTSAD/datasets,PSM,0,0,0.5,0.1,0.3,"['CCE', 'F1', 'Aff-F1', 'UAff-F1', 'AUC-ROC', 'VUS-PR']",0.95,0.0059204177815458114,0.24787126820282904,0.6868386945593697,0.5952077959811815,0.6436362026259953,0.5221169049499677
32,1,0,LSTMAD,semisupervised,3,1,128,10,0.001,/home/zzj/projects/STAND/model_saving,/home/zzj/projects/FTSAD/datasets,SWAT,0,0,0.5,0.1,0.3,"['CCE', 'F1', 'Aff-F1', 'UAff-F1', 'AUC-ROC', 'VUS-PR']",0.95,0.29543377531623705,0.5832436427765603,0.054137100783450805,0.05413677571031202,0.8663247969973266,0.6862637850059541
32,1,0,LSTMAD,semisupervised,3,1,128,10,0.001,/home/zzj/projects/STAND/model_saving,/home/zzj/projects/FTSAD/datasets,WADI,0,0,0.5,0.1,0.3,"['CCE', 'F1', 'Aff-F1', 'UAff-F1', 'AUC-ROC', 'VUS-PR']",0.95,0.01901168260178196,0.2403664780382646,0.7423757765443192,0.3217476105991915,0.6753343471072661,0.21273485119503602
32,1,0,LSTMAD,semisupervised,3,1,128,10,0.001,/home/zzj/projects/STAND/model_saving,/home/zzj/projects/FTSAD/datasets,NIPS_TS_Swan,0,0,0.5,0.1,0.3,"['CCE', 'F1', 'Aff-F1', 'UAff-F1', 'AUC-ROC', 'VUS-PR']",0.95,0.003784612344917726,0.2393617021276596,0.27073401682827114,0.26756252937328745,0.7418347190364072,0.9336148021161642
32,1,0,LSTMAD,semisupervised,3,1,128,10,0.001,/home/zzj/projects/STAND/model_saving,/home/zzj/projects/FTSAD/datasets,NIPS_TS_Water,0,0,0.5,0.1,0.3,"['CCE', 'F1', 'Aff-F1', 'UAff-F1', 'AUC-ROC', 'VUS-PR']",0.95,0.02620343732219127,0.08633436680181254,0.5408639935453623,0.1264529582364399,0.6035463702757856,0.05838365457338154
32,1,0,TranAD,semisupervised,3,1,128,10,0.001,/home/zzj/projects/STAND/model_saving,/home/zzj/projects/FTSAD/datasets,PSM,0,0,0.5,0.1,0.3,"['CCE', 'F1', 'Aff-F1', 'UAff-F1', 'AUC-ROC', 'VUS-PR']",0.95,0.00232285907344415,0.200882772043235,0.6350453102894102,0.5839796031266079,0.6054310931542393,0.4685470383197807
32,1,0,TranAD,semisupervised,3,1,128,10,0.001,/home/zzj/projects/STAND/model_saving,/home/zzj/projects/FTSAD/datasets,SWAT,0,0,0.5,0.1,0.3,"['CCE', 'F1', 'Aff-F1', 'UAff-F1', 'AUC-ROC', 'VUS-PR']",0.95,0.2976619100004614,0.5834251851083418,0.053405647861592756,0.05340564786159281,0.8846996551796886,0.6340113978194933
32,1,0,TranAD,semisupervised,3,1,128,10,0.001,/home/zzj/projects/STAND/model_saving,/home/zzj/projects/FTSAD/datasets,WADI,0,0,0.5,0.1,0.3,"['CCE', 'F1', 'Aff-F1', 'UAff-F1', 'AUC-ROC', 'VUS-PR']",0.95,0.021021121706727208,0.21719213150094313,0.7363768656093018,0.3000330773185269,0.7217527772362583,0.2876120232580637
32,1,0,USAD,semisupervised,3,1,128,10,0.001,/home/zzj/projects/STAND/model_saving,/home/zzj/projects/FTSAD/datasets,PSM,0,0,0.5,0.1,0.3,"['CCE', 'F1', 'Aff-F1', 'UAff-F1', 'AUC-ROC', 'VUS-PR']",0.95,0.011115955584368314,0.19928405102005353,0.5396463395862396,0.5259678330917025,0.6136636847215079,0.4653032980816192
32,1,0,USAD,semisupervised,3,1,128,10,0.001,/home/zzj/projects/STAND/model_saving,/home/zzj/projects/FTSAD/datasets,SWAT,0,0,0.5,0.1,0.3,"['CCE', 'F1', 'Aff-F1', 'UAff-F1', 'AUC-ROC', 'VUS-PR']",0.95,0.2978533639206232,0.5834251851083418,0.05326785091881529,0.05326785091881535,0.8870593707373672,0.6304186927406654
32,1,0,USAD,semisupervised,3,1,128,10,0.001,/home/zzj/projects/STAND/model_saving,/home/zzj/projects/FTSAD/datasets,WADI,0,0,0.5,0.1,0.3,"['CCE', 'F1', 'Aff-F1', 'UAff-F1', 'AUC-ROC', 'VUS-PR']",0.95,0.05356994304059534,0.2220425761250337,0.73571337402124,0.18620564827348968,0.7419996732617699,0.2773439280665022
32,1,0,USAD,semisupervised,3,1,128,10,0.001,/home/zzj/projects/STAND/model_saving,/home/zzj/projects/FTSAD/datasets,NIPS_TS_Swan,0,0,0.5,0.1,0.3,"['CCE', 'F1', 'Aff-F1', 'UAff-F1', 'AUC-ROC', 'VUS-PR']",0.95,0.005448957932479237,0.20851063829787234,0.11949582958926294,0.11423555087704346,0.6180689618946194,0.9227107470451993
32,1,0,USAD,semisupervised,3,1,128,10,0.001,/home/zzj/projects/STAND/model_saving,/home/zzj/projects/FTSAD/datasets,NIPS_TS_Water,0,0,0.5,0.1,0.3,"['CCE', 'F1', 'Aff-F1', 'UAff-F1', 'AUC-ROC', 'VUS-PR']",0.95,0.032050923373481005,0.09348914858096828,0.41207677636503953,0.13839828302224488,0.7165573204247333,0.06274442099154676
32,1,0,OmniAnomaly,semisupervised,3,1,128,10,0.001,/home/zzj/projects/STAND/model_saving,/home/zzj/projects/FTSAD/datasets,PSM,0,0,0.5,0.1,0.3,"['CCE', 'F1', 'Aff-F1', 'UAff-F1', 'AUC-ROC', 'VUS-PR']",0.95,0.011374873539542418,0.22389045285510722,0.5108106221666274,0.5007969079822199,0.6217405846153858,0.478415781872585
32,1,0,OmniAnomaly,semisupervised,3,1,128,10,0.001,/home/zzj/projects/STAND/model_saving,/home/zzj/projects/FTSAD/datasets,SWAT,0,0,0.5,0.1,0.3,"['CCE', 'F1', 'Aff-F1', 'UAff-F1', 'AUC-ROC', 'VUS-PR']",0.95,0.2976537474246307,0.58337331587069,0.053708569072680915,0.05370847876281413,0.8868618024459736,0.6278631056802849
32,1,0,OmniAnomaly,semisupervised,3,1,128,10,0.001,/home/zzj/projects/STAND/model_saving,/home/zzj/projects/FTSAD/datasets,WADI,0,0,0.5,0.1,0.3,"['CCE', 'F1', 'Aff-F1', 'UAff-F1', 'AUC-ROC', 'VUS-PR']",0.95,0.055282501956051916,0.2155753166262463,0.7376694285380093,0.3269289661481899,0.7581578833554425,0.2874801406630837
32,1,0,OmniAnomaly,semisupervised,3,1,128,10,0.001,/home/zzj/projects/STAND/model_saving,/home/zzj/projects/FTSAD/datasets,NIPS_TS_Swan,0,0,0.5,0.1,0.3,"['CCE', 'F1', 'Aff-F1', 'UAff-F1', 'AUC-ROC', 'VUS-PR']",0.95,0.005448957932509685,0.20815602836879432,0.11923329015609704,0.11451216348334428,0.6573363749016443,0.9277648511581407
32,1,0,OmniAnomaly,semisupervised,3,1,128,10,0.001,/home/zzj/projects/STAND/model_saving,/home/zzj/projects/FTSAD/datasets,NIPS_TS_Water,0,0,0.5,0.1,0.3,"['CCE', 'F1', 'Aff-F1', 'UAff-F1', 'AUC-ROC', 'VUS-PR']",0.95,0.032276256865794495,0.09301216312902456,0.4118788543416756,0.05744204819939906,0.7437080169498336,0.06438191770518632
32,1,0,AnomalyTransformer,semisupervised,3,1,128,10,0.001,/home/zzj/projects/STAND/model_saving,/home/zzj/projects/FTSAD/datasets,PSM,0,0,0.5,0.1,0.3,"['CCE', 'F1', 'Aff-F1', 'UAff-F1', 'AUC-ROC', 'VUS-PR']",0.95,0.010229603900083206,0.18204566781357523,0.4873165232265924,0.4256076905712774,0.5913440786951416,0.4346057473386933
32,1,0,AnomalyTransformer,semisupervised,3,1,128,10,0.001,/home/zzj/projects/STAND/model_saving,/home/zzj/projects/FTSAD/datasets,SWAT,0,0,0.5,0.1,0.3,"['CCE', 'F1', 'Aff-F1', 'UAff-F1', 'AUC-ROC', 'VUS-PR']",0.95,0.29306868015486776,0.5834068157062088,0.05345904253508392,0.053459042535083975,0.743903541777949,0.47127845095409027
32,1,0,AnomalyTransformer,semisupervised,3,1,128,10,0.001,/home/zzj/projects/STAND/model_saving,/home/zzj/projects/FTSAD/datasets,WADI,0,0,0.5,0.1,0.3,"['CCE', 'F1', 'Aff-F1', 'UAff-F1', 'AUC-ROC', 'VUS-PR']",0.95,0.03878260792148605,0.28024791161412016,0.7405777861361252,0.21999129999427774,0.6196522581422723,0.20274509724834103
32,1,0,AnomalyTransformer,semisupervised,3,1,128,10,0.001,/home/zzj/projects/STAND/model_saving,/home/zzj/projects/FTSAD/datasets,NIPS_TS_Swan,0,0,0.5,0.1,0.3,"['CCE', 'F1', 'Aff-F1', 'UAff-F1', 'AUC-ROC', 'VUS-PR']",0.95,8.522704296193284e-05,0.14379432624113475,0.1939132195325992,-0.029992244628397176,0.40703553220302646,0.8688812166369676
32,1,0,AnomalyTransformer,semisupervised,3,1,128,10,0.001,/home/zzj/projects/STAND/model_saving,/home/zzj/projects/FTSAD/datasets,NIPS_TS_Water,0,0,0.5,0.1,0.3,"['CCE', 'F1', 'Aff-F1', 'UAff-F1', 'AUC-ROC', 'VUS-PR']",0.95,0.019069478481095747,0.03291199618411639,0.7143566929153272,0.300994060323748,0.659362626212755,0.050248359817870465
32,1,0,TimesNet,semisupervised,3,1,128,10,0.001,/home/zzj/projects/STAND/model_saving,/home/zzj/projects/FTSAD/datasets,PSM,0,0,0.5,0.1,0.3,"['CCE', 'F1', 'Aff-F1', 'UAff-F1', 'AUC-ROC', 'VUS-PR']",0.95,8.507566642029785e-05,0.15340770861571612,0.7381061244822096,0.3575812157068075,0.571850152544089,0.463294381679635
32,1,0,TimesNet,semisupervised,3,1,128,10,0.001,/home/zzj/projects/STAND/model_saving,/home/zzj/projects/FTSAD/datasets,SWAT,0,0,0.5,0.1,0.3,"['CCE', 'F1', 'Aff-F1', 'UAff-F1', 'AUC-ROC', 'VUS-PR']",0.95,0.0012210972555916355,0.08765901163167654,0.7408519914694467,0.305047134491689,0.3015886594550808,0.11707824549205438
32,1,0,TimesNet,semisupervised,3,1,128,10,0.001,/home/zzj/projects/STAND/model_saving,/home/zzj/projects/FTSAD/datasets,WADI,0,0,0.5,0.1,0.3,"['CCE', 'F1', 'Aff-F1', 'UAff-F1', 'AUC-ROC', 'VUS-PR']",0.95,0.000681618068357509,0.11425491781191054,0.7109664411368409,0.002671633295820713,0.7051998668032441,0.19556370445592391
32,1,0,TimesNet,semisupervised,3,1,128,10,0.001,/home/zzj/projects/STAND/model_saving,/home/zzj/projects/FTSAD/datasets,NIPS_TS_Swan,0,0,0.5,0.1,0.3,"['CCE', 'F1', 'Aff-F1', 'UAff-F1', 'AUC-ROC', 'VUS-PR']",0.95,0.003914301865396652,0.19370567375886524,0.11855953013878193,0.06001984042397,0.5783121767409214,0.929853624219698
32,1,0,TimesNet,semisupervised,3,1,128,10,0.001,/home/zzj/projects/STAND/model_saving,/home/zzj/projects/FTSAD/datasets,NIPS_TS_Water,0,0,0.5,0.1,0.3,"['CCE', 'F1', 'Aff-F1', 'UAff-F1', 'AUC-ROC', 'VUS-PR']",0.95,0.0006740042935099722,0.1063677557834486,0.6565865955922268,0.10908086429292764,0.7336816275326254,0.1903482402996749
32,1,0,OCSVM,semisupervised,3,1,128,10,0.001,/home/zzj/projects/STAND/model_saving,/home/zzj/projects/FTSAD/datasets,PSM,0,0,0.5,0.1,0.3,"['CCE', 'F1', 'Aff-F1', 'UAff-F1', 'AUC-ROC', 'VUS-PR']",0.95,0.02840253965189561,0.1702985437736767,0.4341642323962439,0.29733749652232805,0.5263293486466479,0.3845999878471361
32,1,0,OCSVM,semisupervised,3,1,128,10,0.001,/home/zzj/projects/STAND/model_saving,/home/zzj/projects/FTSAD/datasets,SWAT,0,0,0.5,0.1,0.3,"['CCE', 'F1', 'Aff-F1', 'UAff-F1', 'AUC-ROC', 'VUS-PR']",0.95,0.10101973992101652,0.047667829402077366,0.3906346001765626,0.21474882672385076,0.7736331694667381,0.24781112204559308
32,1,0,OCSVM,semisupervised,3,1,128,10,0.001,/home/zzj/projects/STAND/model_saving,/home/zzj/projects/FTSAD/datasets,WADI,0,0,0.5,0.1,0.3,"['CCE', 'F1', 'Aff-F1', 'UAff-F1', 'AUC-ROC', 'VUS-PR']",0.95,0.13209852866932784,0.32120722177310695,0.7039854092886287,0.413310171348753,0.8169834656028759,0.3179739220991779
32,1,0,OCSVM,semisupervised,3,1,128,10,0.001,/home/zzj/projects/STAND/model_saving,/home/zzj/projects/FTSAD/datasets,NIPS_TS_Swan,0,0,0.5,0.1,0.3,"['CCE', 'F1', 'Aff-F1', 'UAff-F1', 'AUC-ROC', 'VUS-PR']",0.95,0.1181939040130019,0.10425531914893617,0.1095520512932857,0.08836582238838492,0.7110381433070581,0.8526389051289439
32,1,0,OCSVM,semisupervised,3,1,128,10,0.001,/home/zzj/projects/STAND/model_saving,/home/zzj/projects/FTSAD/datasets,NIPS_TS_Water,0,0,0.5,0.1,0.3,"['CCE', 'F1', 'Aff-F1', 'UAff-F1', 'AUC-ROC', 'VUS-PR']",0.95,0.2056722055844361,0.17791557357500595,0.7092602290141743,0.21331195162815972,0.9230604268081459,0.22780311699560177
32,1,0,AutoEncoder,semisupervised,3,1,128,10,0.001,/home/zzj/projects/STAND/model_saving,/home/zzj/projects/FTSAD/datasets,PSM,0,0,0.5,0.1,0.3,"['CCE', 'F1', 'Aff-F1', 'UAff-F1', 'AUC-ROC', 'VUS-PR']",0.95,0.0774980335672469,0.05164564000973135,0.5649894613019224,0.5142063390895808,0.5646511417206258,0.3487234962588136
32,1,0,AutoEncoder,semisupervised,3,1,128,10,0.001,/home/zzj/projects/STAND/model_saving,/home/zzj/projects/FTSAD/datasets,SWAT,0,0,0.5,0.1,0.3,"['CCE', 'F1', 'Aff-F1', 'UAff-F1', 'AUC-ROC', 'VUS-PR']",0.95,0.16249608764206927,0.17868952371072527,0.749467836200172,0.4034147370268561,0.8468945541751252,0.4508474370693431
32,1,0,AutoEncoder,semisupervised,3,1,128,10,0.001,/home/zzj/projects/STAND/model_saving,/home/zzj/projects/FTSAD/datasets,WADI,0,0,0.5,0.1,0.3,"['CCE', 'F1', 'Aff-F1', 'UAff-F1', 'AUC-ROC', 'VUS-PR']",0.95,0.1503526344013422,0.2700080840743735,0.7425939413914335,0.42284233524236764,0.6437792170895053,0.16651482862808914
32,1,0,AutoEncoder,semisupervised,3,1,128,10,0.001,/home/zzj/projects/STAND/model_saving,/home/zzj/projects/FTSAD/datasets,NIPS_TS_Swan,0,0,0.5,0.1,0.3,"['CCE', 'F1', 'Aff-F1', 'UAff-F1', 'AUC-ROC', 'VUS-PR']",0.95,0.056422456106562796,0.1852196657356918,0.2081134867137655,0.19815949602450536,0.5938987130824731,0.8810906192601416
32,1,0,AutoEncoder,semisupervised,3,1,128,10,0.001,/home/zzj/projects/STAND/model_saving,/home/zzj/projects/FTSAD/datasets,NIPS_TS_Water,0,0,0.5,0.1,0.3,"['CCE', 'F1', 'Aff-F1', 'UAff-F1', 'AUC-ROC', 'VUS-PR']",0.95,0.015120808501316557,0.05676126878130217,0.5443287316810528,0.2235256306837324,0.5033484396522482,0.023582022934241286
32,1,0,CNN,semisupervised,3,1,128,10,0.001,/home/zzj/projects/STAND/model_saving,/home/zzj/projects/FTSAD/datasets,PSM,0,0,0.5,0.1,0.3,"['CCE', 'F1', 'Aff-F1', 'UAff-F1', 'AUC-ROC', 'VUS-PR']",0.95,0.005736511619645029,0.26330240155701523,0.6916015390950186,0.6047730358325748,0.6126095487006468,0.5252121860356016
32,1,0,CNN,semisupervised,3,1,128,10,0.001,/home/zzj/projects/STAND/model_saving,/home/zzj/projects/FTSAD/datasets,SWAT,0,0,0.5,0.1,0.3,"['CCE', 'F1', 'Aff-F1', 'UAff-F1', 'AUC-ROC', 'VUS-PR']",0.95,0.28856462602136124,0.5830102312071268,0.05295233272728434,0.05295162825094577,0.8778971450101903,0.6490850491655774
32,1,0,CNN,semisupervised,3,1,128,10,0.001,/home/zzj/projects/STAND/model_saving,/home/zzj/projects/FTSAD/datasets,WADI,0,0,0.5,0.1,0.3,"['CCE', 'F1', 'Aff-F1', 'UAff-F1', 'AUC-ROC', 'VUS-PR']",0.95,0.02392533210520828,0.24198329291296147,0.7856667273700726,0.4303691102994051,0.66075665657939,0.24003021991982199
32,1,0,CNN,semisupervised,3,1,128,10,0.001,/home/zzj/projects/STAND/model_saving,/home/zzj/projects/FTSAD/datasets,NIPS_TS_Swan,0,0,0.5,0.1,0.3,"['CCE', 'F1', 'Aff-F1', 'UAff-F1', 'AUC-ROC', 'VUS-PR']",0.95,0.005556804843920571,0.24840425531914895,0.15917137935501888,0.15780119993723032,0.7299150158582788,0.9371204259282189
32,1,0,CNN,semisupervised,3,1,128,10,0.001,/home/zzj/projects/STAND/model_saving,/home/zzj/projects/FTSAD/datasets,NIPS_TS_Water,0,0,0.5,0.1,0.3,"['CCE', 'F1', 'Aff-F1', 'UAff-F1', 'AUC-ROC', 'VUS-PR']",0.95,0.025273674611521052,0.03625089434772239,0.44928139271189976,0.02210574089248304,0.5797959947333104,0.025530727559030127
32,1,0,LSTMAD,semisupervised,3,1,128,10,0.001,/home/zzj/projects/STAND/model_saving,/home/zzj/projects/FTSAD/datasets,PSM,0,0,0.5,0.1,0.3,"['CCE', 'F1', 'Aff-F1', 'UAff-F1', 'AUC-ROC', 'VUS-PR']",0.95,0.0060046743259837,0.2685851318944844,0.6648264899855243,0.5744268591493226,0.6388400728931417,0.5185079118913746
32,1,0,LSTMAD,semisupervised,3,1,128,10,0.001,/home/zzj/projects/STAND/model_saving,/home/zzj/projects/FTSAD/datasets,SWAT,0,0,0.5,0.1,0.3,"['CCE', 'F1', 'Aff-F1', 'UAff-F1', 'AUC-ROC', 'VUS-PR']",0.95,0.29207699912571916,0.5829810410560987,0.05457770723785207,0.05457699874218445,0.8614452222856297,0.670757192307159
32,1,0,LSTMAD,semisupervised,3,1,128,10,0.001,/home/zzj/projects/STAND/model_saving,/home/zzj/projects/FTSAD/datasets,WADI,0,0,0.5,0.1,0.3,"['CCE', 'F1', 'Aff-F1', 'UAff-F1', 'AUC-ROC', 'VUS-PR']",0.95,0.024664563788738797,0.23982753974669901,0.7869926464626804,0.4306983875070031,0.7080455218116962,0.2567281572548097
32,1,0,LSTMAD,semisupervised,3,1,128,10,0.001,/home/zzj/projects/STAND/model_saving,/home/zzj/projects/FTSAD/datasets,NIPS_TS_Swan,0,0,0.5,0.1,0.3,"['CCE', 'F1', 'Aff-F1', 'UAff-F1', 'AUC-ROC', 'VUS-PR']",0.95,0.003784612344942373,0.2398049645390071,0.2740923526585847,0.2710661714073637,0.7524252995930247,0.9262943806040839
32,1,0,LSTMAD,semisupervised,3,1,128,10,0.001,/home/zzj/projects/STAND/model_saving,/home/zzj/projects/FTSAD/datasets,NIPS_TS_Water,0,0,0.5,0.1,0.3,"['CCE', 'F1', 'Aff-F1', 'UAff-F1', 'AUC-ROC', 'VUS-PR']",0.95,0.025196722762282242,0.08394943954209397,0.5441749977406868,0.22397266809710567,0.6057939482641892,0.03556697240112879
32,1,0,TranAD,semisupervised,3,1,128,10,0.001,/home/zzj/projects/STAND/model_saving,/home/zzj/projects/FTSAD/datasets,PSM,0,0,0.5,0.1,0.3,"['CCE', 'F1', 'Aff-F1', 'UAff-F1', 'AUC-ROC', 'VUS-PR']",0.95,0.0004606718014910638,0.20491432940604037,0.5826542763468455,0.509999647515639,0.6088568658050869,0.47036001153547546
32,1,0,TranAD,semisupervised,3,1,128,10,0.001,/home/zzj/projects/STAND/model_saving,/home/zzj/projects/FTSAD/datasets,SWAT,0,0,0.5,0.1,0.3,"['CCE', 'F1', 'Aff-F1', 'UAff-F1', 'AUC-ROC', 'VUS-PR']",0.95,0.29779358520535604,0.5834068157062088,0.05342407952044667,0.053424079520446734,0.8846953486845547,0.6350332148302295
32,1,0,TranAD,semisupervised,3,1,128,10,0.001,/home/zzj/projects/STAND/model_saving,/home/zzj/projects/FTSAD/datasets,WADI,0,0,0.5,0.1,0.3,"['CCE', 'F1', 'Aff-F1', 'UAff-F1', 'AUC-ROC', 'VUS-PR']",0.95,0.025650320156292705,0.22096469954190245,0.7752768271995275,0.3174572781563511,0.7341088861808274,0.3145032046884509
32,1,0,TranAD,semisupervised,3,1,128,10,0.001,/home/zzj/projects/STAND/model_saving,/home/zzj/projects/FTSAD/datasets,PSM,0,0,0.5,0.1,0.3,"['CCE', 'F1', 'Aff-F1', 'UAff-F1', 'AUC-ROC', 'VUS-PR']",0.95,0.00043292735154043527,0.20067424321412436,0.5822478606296212,0.5069844523352651,0.6058360537963144,0.46560814183258165
32,1,0,TranAD,semisupervised,3,1,128,10,0.001,/home/zzj/projects/STAND/model_saving,/home/zzj/projects/FTSAD/datasets,SWAT,0,0,0.5,0.1,0.3,"['CCE', 'F1', 'Aff-F1', 'UAff-F1', 'AUC-ROC', 'VUS-PR']",0.95,0.2977811737038295,0.5834251851083418,0.05355559999794183,0.053555599997941884,0.8803419959621357,0.6241624468934541
32,1,0,TranAD,semisupervised,3,1,128,10,0.001,/home/zzj/projects/STAND/model_saving,/home/zzj/projects/FTSAD/datasets,WADI,0,0,0.5,0.1,0.3,"['CCE', 'F1', 'Aff-F1', 'UAff-F1', 'AUC-ROC', 'VUS-PR']",0.95,0.026023116352648396,0.2322824036647804,0.7780489277352453,0.4001271340168752,0.7275662967627066,0.3027380852510944
32,1,0,TranAD,semisupervised,3,1,128,10,0.001,/home/zzj/projects/STAND/model_saving,/home/zzj/projects/FTSAD/datasets,NIPS_TS_Swan,0,0,0.5,0.1,0.3,"['CCE', 'F1', 'Aff-F1', 'UAff-F1', 'AUC-ROC', 'VUS-PR']",0.95,0.0007836425612158804,0.15939716312056737,0.18573587651295495,0.05756572029533208,0.6500716795717456,0.9195786431642671
32,1,0,TranAD,semisupervised,3,1,128,10,0.001,/home/zzj/projects/STAND/model_saving,/home/zzj/projects/FTSAD/datasets,NIPS_TS_Water,0,0,0.5,0.1,0.3,"['CCE', 'F1', 'Aff-F1', 'UAff-F1', 'AUC-ROC', 'VUS-PR']",0.95,0.0031951243768942594,0.06200810875268304,0.5081633800220101,0.13956021182912653,0.5211275149352468,0.06511587456200536
32,1,0,USAD,semisupervised,3,1,128,10,0.001,/home/zzj/projects/STAND/model_saving,/home/zzj/projects/FTSAD/datasets,NIPS_TS_Swan,0,0,0.5,0.1,0.3,"['CCE', 'F1', 'Aff-F1', 'UAff-F1', 'AUC-ROC', 'VUS-PR']",0.95,0.005310630069739863,0.22154255319148936,0.06836872287300567,0.0648674204383249,0.6294581010975384,0.9316129627606197
32,1,0,USAD,semisupervised,3,1,128,10,0.001,/home/zzj/projects/STAND/model_saving,/home/zzj/projects/FTSAD/datasets,NIPS_TS_Water,0,0,0.5,0.1,0.3,"['CCE', 'F1', 'Aff-F1', 'UAff-F1', 'AUC-ROC', 'VUS-PR']",0.95,0.03135785136803307,0.09205819222513713,0.408468097250277,0.1959568713972359,0.7407698505805692,0.06639987345441004
32,1,0,OmniAnomaly,semisupervised,3,1,128,10,0.001,/home/zzj/projects/STAND/model_saving,/home/zzj/projects/FTSAD/datasets,NIPS_TS_Swan,0,0,0.5,0.1,0.3,"['CCE', 'F1', 'Aff-F1', 'UAff-F1', 'AUC-ROC', 'VUS-PR']",0.95,0.01857674033022952,0.2444148936170213,0.0026138916744352153,-0.0025388683312758805,0.685529111395306,0.9424818345009075
32,1,0,OmniAnomaly,semisupervised,3,1,128,10,0.001,/home/zzj/projects/STAND/model_saving,/home/zzj/projects/FTSAD/datasets,NIPS_TS_Water,0,0,0.5,0.1,0.3,"['CCE', 'F1', 'Aff-F1', 'UAff-F1', 'AUC-ROC', 'VUS-PR']",0.95,0.026116172331815846,0.07679465776293823,0.2549547611146625,0.1384012575277441,0.5948849665674749,0.06477082302684009
32,1,0,AnomalyTransformer,semisupervised,3,1,128,10,0.001,/home/zzj/projects/STAND/model_saving,/home/zzj/projects/FTSAD/datasets,NIPS_TS_Swan,0,0,0.5,0.1,0.3,"['CCE', 'F1', 'Aff-F1', 'UAff-F1', 'AUC-ROC', 'VUS-PR']",0.95,0.00018284358053258232,0.03447769234536461,0.06636993455937071,-0.05305460722600603,0.5027284362048146,0.842227199328055
32,1,0,AnomalyTransformer,semisupervised,3,1,128,10,0.001,/home/zzj/projects/STAND/model_saving,/home/zzj/projects/FTSAD/datasets,NIPS_TS_Water,0,0,0.5,0.1,0.3,"['CCE', 'F1', 'Aff-F1', 'UAff-F1', 'AUC-ROC', 'VUS-PR']",0.95,0.0031228104161289405,0.012376933895921238,0.604862363817466,-0.07647105573202802,0.4946458986763914,0.036988972461041415
32,1,0,TimesNet,semisupervised,3,1,128,10,0.001,/home/zzj/projects/STAND/model_saving,/home/zzj/projects/FTSAD/datasets,NIPS_TS_Swan,0,0,0.5,0.1,0.3,"['CCE', 'F1', 'Aff-F1', 'UAff-F1', 'AUC-ROC', 'VUS-PR']",0.95,0.00404287486185978,0.1879432624113475,0.12208204523697103,0.03411630766301456,0.5888335391470916,0.9255986916819061
32,1,0,TimesNet,semisupervised,3,1,128,10,0.001,/home/zzj/projects/STAND/model_saving,/home/zzj/projects/FTSAD/datasets,NIPS_TS_Water,0,0,0.5,0.1,0.3,"['CCE', 'F1', 'Aff-F1', 'UAff-F1', 'AUC-ROC', 'VUS-PR']",0.95,0.002474445932545394,0.10112091581206774,0.6375729260974018,-0.045942484018799204,0.7146172225228339,0.19502307906887006
32,1,0,USAD,semisupervised,3,1,128,10,0.001,/home/zzj/projects/STAND/model_saving,/home/zzj/projects/FTSAD/datasets,PSM,0,0,0.5,0.1,0.3,"['CCE', 'F1', 'Aff-F1', 'UAff-F1', 'AUC-ROC', 'VUS-PR']",0.95,0.01488815773085872,0.21388106905779725,0.4614076140471216,0.44904568973640263,0.615296590088072,0.4662459750271968
32,1,0,USAD,semisupervised,3,1,128,10,0.001,/home/zzj/projects/STAND/model_saving,/home/zzj/projects/FTSAD/datasets,SWAT,0,0,0.5,0.1,0.3,"['CCE', 'F1', 'Aff-F1', 'UAff-F1', 'AUC-ROC', 'VUS-PR']",0.95,0.2978320316649513,0.5834251851083418,0.0535186971071364,0.05351869710713646,0.8839744189413112,0.6156166606668445
32,1,0,USAD,semisupervised,3,1,128,10,0.001,/home/zzj/projects/STAND/model_saving,/home/zzj/projects/FTSAD/datasets,WADI,0,0,0.5,0.1,0.3,"['CCE', 'F1', 'Aff-F1', 'UAff-F1', 'AUC-ROC', 'VUS-PR']",0.95,0.08355700310249364,0.2301266504985179,0.7783328965833244,0.39864085263945687,0.7359967173860124,0.2801869873222838
32,1,0,OmniAnomaly,semisupervised,3,1,128,10,0.001,/home/zzj/projects/STAND/model_saving,/home/zzj/projects/FTSAD/datasets,PSM,0,0,0.5,0.1,0.3,"['CCE', 'F1', 'Aff-F1', 'UAff-F1', 'AUC-ROC', 'VUS-PR']",0.95,0.039342449867978,0.2178431168108991,0.23436385204622606,0.23035494539269097,0.6410630614584396,0.44553088304151317
32,1,0,OmniAnomaly,semisupervised,3,1,128,10,0.001,/home/zzj/projects/STAND/model_saving,/home/zzj/projects/FTSAD/datasets,SWAT,0,0,0.5,0.1,0.3,"['CCE', 'F1', 'Aff-F1', 'UAff-F1', 'AUC-ROC', 'VUS-PR']",0.95,0.29799056478726016,0.5834251851083418,0.05307978932067426,0.053079789320674316,0.888458861493243,0.5929922049581057
32,1,0,OmniAnomaly,semisupervised,3,1,128,10,0.001,/home/zzj/projects/STAND/model_saving,/home/zzj/projects/FTSAD/datasets,WADI,0,0,0.5,0.1,0.3,"['CCE', 'F1', 'Aff-F1', 'UAff-F1', 'AUC-ROC', 'VUS-PR']",0.95,0.10835783725618561,0.3901913230935058,0.7206754351157806,0.525922437012712,0.7912596873287887,0.3881773004782017
32,1,0,AnomalyTransformer,semisupervised,3,1,128,10,0.001,/home/zzj/projects/STAND/model_saving,/home/zzj/projects/FTSAD/datasets,PSM,0,0,0.5,0.1,0.3,"['CCE', 'F1', 'Aff-F1', 'UAff-F1', 'AUC-ROC', 'VUS-PR']",0.95,0.0011833643153882911,0.08633093525179857,0.6322520861280065,-0.051458721254872455,0.5003634849164721,0.33412086252134215
32,1,0,AnomalyTransformer,semisupervised,3,1,128,10,0.001,/home/zzj/projects/STAND/model_saving,/home/zzj/projects/FTSAD/datasets,SWAT,0,0,0.5,0.1,0.3,"['CCE', 'F1', 'Aff-F1', 'UAff-F1', 'AUC-ROC', 'VUS-PR']",0.95,0.00013915442230655328,0.03742365496583114,0.6910141940897311,0.0875490578795076,0.26195199313448714,0.10958528886807684
32,1,0,AnomalyTransformer,semisupervised,3,1,128,10,0.001,/home/zzj/projects/STAND/model_saving,/home/zzj/projects/FTSAD/datasets,WADI,0,0,0.5,0.1,0.3,"['CCE', 'F1', 'Aff-F1', 'UAff-F1', 'AUC-ROC', 'VUS-PR']",0.95,-0.0014127984501947077,0.021018593371059015,0.6553737077161161,0.019791639334662874,0.390568040326321,0.07799392086234348
32,1,0,TimesNet,semisupervised,3,1,128,10,0.001,/home/zzj/projects/STAND/model_saving,/home/zzj/projects/FTSAD/datasets,PSM,0,0,0.5,0.1,0.3,"['CCE', 'F1', 'Aff-F1', 'UAff-F1', 'AUC-ROC', 'VUS-PR']",0.95,6.506309571918667e-05,0.1445104785736628,0.737204102712102,0.3529486819691986,0.575908054497754,0.4628973668047707
32,1,0,TimesNet,semisupervised,3,1,128,10,0.001,/home/zzj/projects/STAND/model_saving,/home/zzj/projects/FTSAD/datasets,SWAT,0,0,0.5,0.1,0.3,"['CCE', 'F1', 'Aff-F1', 'UAff-F1', 'AUC-ROC', 'VUS-PR']",0.95,0.0009330708208092342,0.09009686580131489,0.7455157873935594,0.3099063014218887,0.30441544355102557,0.11724888291198843
32,1,0,TimesNet,semisupervised,3,1,128,10,0.001,/home/zzj/projects/STAND/model_saving,/home/zzj/projects/FTSAD/datasets,WADI,0,0,0.5,0.1,0.3,"['CCE', 'F1', 'Aff-F1', 'UAff-F1', 'AUC-ROC', 'VUS-PR']",0.95,0.005940197335529002,0.1676098086769065,0.7385340320399922,0.18573428237798453,0.700697371268032,0.20658446810151532
32,1,0,M2N2,semisupervised,3,1,128,10,0.001,/home/zzj/projects/STAND/model_saving,/home/zzj/projects/FTSAD/datasets,PSM,0,0,0.5,0.1,0.3,"['CCE', 'F1', 'Aff-F1', 'UAff-F1', 'AUC-ROC', 'VUS-PR']",0.95,-0.000663659585755122,0.15264310290897717,0.7910941721994429,0.4711266055264164,0.6335136685886837,0.4817408281817379
32,1,0,M2N2,semisupervised,3,1,128,10,0.001,/home/zzj/projects/STAND/model_saving,/home/zzj/projects/FTSAD/datasets,SWAT,0,0,0.5,0.1,0.3,"['CCE', 'F1', 'Aff-F1', 'UAff-F1', 'AUC-ROC', 'VUS-PR']",0.95,0.00011991983670348039,0.2399470933775951,0.7564622783261793,0.42150304850373443,0.8115457477311215,0.33288120920566605
32,1,0,M2N2,semisupervised,3,1,128,10,0.001,/home/zzj/projects/STAND/model_saving,/home/zzj/projects/FTSAD/datasets,WADI,0,0,0.5,0.1,0.3,"['CCE', 'F1', 'Aff-F1', 'UAff-F1', 'AUC-ROC', 'VUS-PR']",0.95,0.016934614331706094,0.20749124225276205,0.7488977133628236,0.22974089545194676,0.6438095179273688,0.22254190347941805
32,1,0,M2N2,semisupervised,3,1,128,10,0.001,/home/zzj/projects/STAND/model_saving,/home/zzj/projects/FTSAD/datasets,NIPS_TS_Swan,0,0,0.5,0.1,0.3,"['CCE', 'F1', 'Aff-F1', 'UAff-F1', 'AUC-ROC', 'VUS-PR']",0.95,0.004180980590073685,0.2649576440324655,0.0003063806905172142,0.0003063806905172145,0.7754305666806236,0.9661565462698192
32,1,0,M2N2,semisupervised,3,1,128,10,0.001,/home/zzj/projects/STAND/model_saving,/home/zzj/projects/FTSAD/datasets,NIPS_TS_Water,0,0,0.5,0.1,0.3,"['CCE', 'F1', 'Aff-F1', 'UAff-F1', 'AUC-ROC', 'VUS-PR']",0.95,0.006526750520014363,0.2213212497018841,0.8487252007859604,0.6363512948681801,0.9191239720930214,0.3776569004706881
32,1,0,LFTSAD,semisupervised,3,1,128,10,0.001,/home/zzj/projects/STAND/model_saving,/home/zzj/projects/FTSAD/datasets,PSM,0,0,0.5,0.1,0.3,"['CCE', 'F1', 'Aff-F1', 'UAff-F1', 'AUC-ROC', 'VUS-PR']",0.95,-0.0031813522794173904,0.09272904212428751,0.63566608317584,0.16993039383234101,0.44319054572171357,0.3162451059062369
32,1,0,LFTSAD,semisupervised,3,1,128,10,0.001,/home/zzj/projects/STAND/model_saving,/home/zzj/projects/FTSAD/datasets,SWAT,0,0,0.5,0.1,0.3,"['CCE', 'F1', 'Aff-F1', 'UAff-F1', 'AUC-ROC', 'VUS-PR']",0.95,0.008120087103304873,0.19789140611829392,0.6511639593344779,0.035796298074320054,0.6635960421738367,0.2420746091333363
32,1,0,LFTSAD,semisupervised,3,1,128,10,0.001,/home/zzj/projects/STAND/model_saving,/home/zzj/projects/FTSAD/datasets,WADI,0,0,0.5,0.1,0.3,"['CCE', 'F1', 'Aff-F1', 'UAff-F1', 'AUC-ROC', 'VUS-PR']",0.95,0.0028325891424315214,0.09539207760711399,0.5373632086885437,-0.2771566904187379,0.4841264165506257,0.11494831914525969
32,1,0,LFTSAD,semisupervised,3,1,128,10,0.001,/home/zzj/projects/STAND/model_saving,/home/zzj/projects/FTSAD/datasets,NIPS_TS_Swan,0,0,0.5,0.1,0.3,"['CCE', 'F1', 'Aff-F1', 'UAff-F1', 'AUC-ROC', 'VUS-PR']",0.95,0.0016849392313504769,0.10726950354609929,0.15316835842445173,0.030487078919352463,0.5143972608818336,0.8495412506091629
32,1,0,LFTSAD,semisupervised,3,1,128,10,0.001,/home/zzj/projects/STAND/model_saving,/home/zzj/projects/FTSAD/datasets,NIPS_TS_Water,0,0,0.5,0.1,0.3,"['CCE', 'F1', 'Aff-F1', 'UAff-F1', 'AUC-ROC', 'VUS-PR']",0.95,0.004741423748241484,0.0491412213740458,0.6924040772214987,0.08064925918011903,0.457343222135448,0.06683944945968494
32,1,0,CATCH,semisupervised,3,1,128,10,0.001,/home/zzj/projects/STAND/model_saving,/home/zzj/projects/FTSAD/datasets,PSM,0,0,0.5,0.1,0.3,"['CCE', 'F1', 'Aff-F1', 'UAff-F1', 'AUC-ROC', 'VUS-PR']",0.95,0.006154257061060153,0.16849129392138462,0.8484692357890662,0.6291688789635139,0.606487513920628,0.5198771802548028
32,1,0,CATCH,semisupervised,3,1,128,10,0.001,/home/zzj/projects/STAND/model_saving,/home/zzj/projects/FTSAD/datasets,SWAT,0,0,0.5,0.1,0.3,"['CCE', 'F1', 'Aff-F1', 'UAff-F1', 'AUC-ROC', 'VUS-PR']",0.95,0.00020000597080535587,0.09328682391690549,0.7341460328876652,0.2383790739767702,0.2978436889507196,0.11871434375438437
32,1,0,CATCH,semisupervised,3,1,128,10,0.001,/home/zzj/projects/STAND/model_saving,/home/zzj/projects/FTSAD/datasets,WADI,0,0,0.5,0.1,0.3,"['CCE', 'F1', 'Aff-F1', 'UAff-F1', 'AUC-ROC', 'VUS-PR']",0.95,0.0026493033638820274,0.13635138776610078,0.7492082243600537,0.31671133277328983,0.6976436505062508,0.21175548658358614
32,1,0,CATCH,semisupervised,3,1,128,10,0.001,/home/zzj/projects/STAND/model_saving,/home/zzj/projects/FTSAD/datasets,NIPS_TS_Swan,0,0,0.5,0.1,0.3,"['CCE', 'F1', 'Aff-F1', 'UAff-F1', 'AUC-ROC', 'VUS-PR']",0.95,0.0021834756832163627,0.2560283687943262,0.030489827610403013,0.03030881084420292,0.6154697104852755,0.9417244376469152
32,1,0,CATCH,semisupervised,3,1,128,10,0.001,/home/zzj/projects/STAND/model_saving,/home/zzj/projects/FTSAD/datasets,NIPS_TS_Water,0,0,0.5,0.1,0.3,"['CCE', 'F1', 'Aff-F1', 'UAff-F1', 'AUC-ROC', 'VUS-PR']",0.95,0.008834367743255384,0.18984020987359884,0.8153633264170174,0.5451397154489274,0.9128206153279699,0.2736034455025899
256,1,1,LSTMAD,semisupervised,32,1,128,10,0.001,/home/zzj/projects/STAND/model_saving,/home/zzj/projects/FTSAD/datasets,SWAT,1,0,0.5,0.1,0.3,"['CCE', 'F1', 'Aff-F1', 'UAff-F1', 'AUC-ROC', 'VUS-PR']",0.95,0.2952774467112906,0.5832068987875251,0.054582709272888386,0.054582390487695386,0.8685430869333877,0.6820653255658726
256,1,1,M2N2,semisupervised,32,1,128,10,0.001,/home/zzj/projects/STAND/model_saving,/home/zzj/projects/FTSAD/datasets,SWAT,1,0,0.5,0.1,0.3,"['CCE', 'F1', 'Aff-F1', 'UAff-F1', 'AUC-ROC', 'VUS-PR']",0.95,-0.001399526156032449,0.23068843445673456,0.7460180403088855,0.4122488411170056,0.8029030905406804,0.32019119459450623
